text,label
"Okay . Um ,",information_item
"the u the user f the the u user interface should be very very cute , very very g um",information_item
this is our second meeting .,information_item
I-deploy natin yung fix sa staging later.,action_item
Basahin niyo yung Chapter 5 ng textbook.,action_item
Pa-send naman ng updated database schema sa email ko.,action_item
Gagawa ako ng summary ng meeting na ito.,action_item
I-merge nyo na yung feature branch sa main.,action_item
Pa-send naman ng updated database schema sa email ko.,action_item
"Technical leads, you need to finalize the pipeline architecture documentation.",action_item
"First, please review the Q2 project milestones tonight.",action_item
So maybe we start with you ?,information_item
I want to see the diagram of API endpoints in our next sync.,action_item
Pakisubmit yung case study draft sa Friday at 5 sharp.,action_item
if you want to present your prototype go ahead .,information_item
I-ready niyo yung report for the stakeholders.,action_item
"So . Okay ,",information_item
Let's see what we can find here .,information_item
Basahin niyo yung Chapter 5 ng textbook.,action_item
Basahin niyo yung Chapter 5 ng textbook.,action_item
Could could I see the scroll bar as uh as as a sort of shortcut ?,information_item
I want to see the diagram of API endpoints in our next sync.,action_item
"First, please review the Q2 project milestones tonight.",action_item
Ayusin niyo yung bugs sa login page.,action_item
"Um and I um like to show you the agenda for the meeting ,",information_item
But other users who are new to this device need something like that .,information_item
Okay . I will see .,information_item
Pakisubmit yung case study draft sa Friday at 5 sharp.,action_item
"Yeah , for favourite animals .",information_item
I think so .,information_item
"Technical leads, you need to finalize the pipeline architecture documentation.",action_item
shall we wait ?,information_item
or how about I just click ?,information_item
Gagawa ako ng summary ng meeting na ito.,action_item
I-ready niyo yung report for the stakeholders.,action_item
"First, please review the Q2 project milestones tonight.",action_item
Yeah I'd to just put on my microphone here and I'll be right with you .,information_item
I-ready niyo yung report for the stakeholders.,action_item
Um or at l its functionality would have been of limited use .,information_item
I-check nyo kung realistic pa ba yung dates na nakalagay dun.,action_item
Pa-send naman ng updated database schema sa email ko.,action_item
"No , I didn't get it .",information_item
I-check nyo kung realistic pa ba yung dates na nakalagay dun.,action_item
which means I will make uh minutes,information_item
"Yeah , of course .",information_item
Sorry about the small delay .,information_item
"The last one is the most important one , is it ?",information_item
This is a meeting on functional design .,information_item
I want to see the diagram of API endpoints in our next sync.,action_item
"So are we going for the w are we going for the simple one , are we ?",information_item
I want to see the diagram of API endpoints in our next sync.,action_item
Is that someone's ?,information_item
"Technical leads, you need to finalize the pipeline architecture documentation.",action_item
I like the fact that on both of them the keys play such a prominent role .,information_item
I want to see the diagram of API endpoints in our next sync.,action_item
I-check nyo kung realistic pa ba yung dates na nakalagay dun.,action_item
do you wanna start ?,information_item
I I'm User Interface Manager .,information_item
I guess I have to change the pen,information_item
"Um , we already got n through opening , and partially through acquaintance .",information_item
we we we talked about the the individual roles that we each had as well .,information_item
and the other one is st,information_item
Check check check check .,action_item
Pa-send naman ng updated database schema sa email ko.,action_item
Ayusin niyo yung bugs sa login page.,action_item
"Roo , welcome back .",information_item
Pa-send naman ng updated database schema sa email ko.,action_item
Okay so we can go to the slides .,information_item
Pa-send naman ng updated database schema sa email ko.,action_item
And I'm Andrew and I'm uh our marketing,information_item
"Do you want the mouse ,",information_item
"Course , we'll have to go into a bit more um detail than that ,",information_item
Ayusin niyo yung bugs sa login page.,action_item
as I did of the previous meeting .,information_item
First we have to make a functional design .,information_item
it's David Jordan . Course .,information_item
"I'll be taking minutes on this one ,",information_item
take it away .,information_item
And I can start if you want . Mm .,information_item
Pakisubmit yung case study draft sa Friday at 5 sharp.,action_item
"Um , and um ,",information_item
I-deploy natin yung fix sa staging later.,action_item
Pa-send naman ng updated database schema sa email ko.,action_item
"Um , I'm Abigail Claflin .",information_item
I-merge nyo na yung feature branch sa main.,action_item
Anything I've missed ?,information_item
I-ready niyo yung report for the stakeholders.,action_item
Check check check check .,action_item
And your role is ?,information_item
Conceptual design meeting .,information_item
G good morning .,information_item
I-merge nyo na yung feature branch sa main.,action_item
"Hey , Project Manager .",information_item
Pakisubmit yung case study draft sa Friday at 5 sharp.,action_item
"Yeah , that's a good plan .",information_item
Pakisubmit yung case study draft sa Friday at 5 sharp.,action_item
"Technical leads, you need to finalize the pipeline architecture documentation.",action_item
Gagawa ako ng summary ng meeting na ito.,action_item
Um to research it I've um had a look on the the homepage again .,information_item
there he is .,information_item
"and uh we have a long time , just twenty-five minutes to discuss about uh this project and the the project initiation .",information_item
"And I am Hemant , the industrial designer .",information_item
Gagawa ako ng summary ng meeting na ito.,action_item
Pakisubmit yung case study draft sa Friday at 5 sharp.,action_item
Hi everybody and welcome to our kick-off meeting um for our new product that we're gonna be designing .,information_item
"It kinda does make sense , doesn't it ,",information_item
Gagawa ako ng summary ng meeting na ito.,action_item
"First, please review the Q2 project milestones tonight.",action_item
Is this okay ?,information_item
I want to see the diagram of API endpoints in our next sync.,action_item
I will go . That's fine .,information_item
I want to see the diagram of API endpoints in our next sync.,action_item
"I think first off , basically I do agree with what Sarah has defined as as uh your personal preferences,yeah . I think we need uh a more streamlined volume with no extraneous functions .",information_item
I-deploy natin yung fix sa staging later.,action_item
And your name is ?,information_item
"I think , you might have to disconnect Rose .",information_item
Pa-send naman ng updated database schema sa email ko.,action_item
"We introduced ourselves ,",information_item
go for it mate .,information_item
"Oh , got it .",information_item
I think uh the biggest part of the presentation will be uh on your side .,information_item
this is the third slide .,information_item
Check check check check .,action_item
"so this is the um non to non uh no buttons one ,",information_item
"First, please review the Q2 project milestones tonight.",action_item
"First, please review the Q2 project milestones tonight.",action_item
I-ready niyo yung report for the stakeholders.,action_item
Basahin niyo yung Chapter 5 ng textbook.,action_item
"Technical leads, you need to finalize the pipeline architecture documentation.",action_item
Gagawa ako ng summary ng meeting na ito.,action_item
"we want give the customers the impression that our controller is very attractive ,",information_item
"Again , I'm gonna take minutes .",information_item
Check check check check .,action_item
Um gonna come to a decision on the functions of the remote control .,information_item
Check check check check .,action_item
Gagawa ako ng summary ng meeting na ito.,action_item
I want to see the diagram of API endpoints in our next sync.,action_item
Ayusin niyo yung bugs sa login page.,action_item
Pa-send naman ng updated database schema sa email ko.,action_item
I-merge nyo na yung feature branch sa main.,action_item
"You said uh targ target groups ,",information_item
I-merge nyo na yung feature branch sa main.,action_item
"Right , 'kay .",information_item
T_ R_ I_ K_ .,information_item
I want to see the diagram of API endpoints in our next sync.,action_item
"Well , yeah .",information_item
I-deploy natin yung fix sa staging later.,action_item
I-check nyo kung realistic pa ba yung dates na nakalagay dun.,action_item
Basahin niyo yung Chapter 5 ng textbook.,action_item
"First, please review the Q2 project milestones tonight.",action_item
Just to say quickly uh I would have thought that only being used for a television the macro facility may now not be required .,information_item
Check check check check .,action_item
"First, please review the Q2 project milestones tonight.",action_item
I want to see the diagram of API endpoints in our next sync.,action_item
Gagawa ako ng summary ng meeting na ito.,action_item
Pa-send naman ng updated database schema sa email ko.,action_item
"No , you'll ha have to open it up from elsewhere .",information_item
I-check nyo kung realistic pa ba yung dates na nakalagay dun.,action_item
I-check nyo kung realistic pa ba yung dates na nakalagay dun.,action_item
Then we're gonna discuss some new project requirements .,information_item
you mm you three are going to do presentation .,information_item
"Technical leads, you need to finalize the pipeline architecture documentation.",action_item
Check check check check .,action_item
"Technical leads, you need to finalize the pipeline architecture documentation.",action_item
I-merge nyo na yung feature branch sa main.,action_item
Check check check check .,action_item
Ayusin niyo yung bugs sa login page.,action_item
"First, please review the Q2 project milestones tonight.",action_item
Then I'll move this one .,information_item
I want to see the diagram of API endpoints in our next sync.,action_item
I'm Juergen Toffs .,information_item
Check check check check .,action_item
Basahin niyo yung Chapter 5 ng textbook.,action_item
I-deploy natin yung fix sa staging later.,action_item
I-merge nyo na yung feature branch sa main.,action_item
I-deploy natin yung fix sa staging later.,action_item
So where's the PowerPoint presentation ?,information_item
and we're given forty minutes um for this meeting .,information_item
Oh right okay .,information_item
Check check check check .,action_item
Pa-send naman ng updated database schema sa email ko.,action_item
Check check check check .,action_item
Uh Abbing . A_ B_ B_ I_ N_ G_ .,information_item
"First, please review the Q2 project milestones tonight.",action_item
and uh I hope it will be fast because I would like to have time to for long discussion and and decisions .,information_item
Check check check check .,action_item
Did you send it ?,information_item
Gagawa ako ng summary ng meeting na ito.,action_item
"First, please review the Q2 project milestones tonight.",action_item
Basahin niyo yung Chapter 5 ng textbook.,action_item
For your first PowerPoint it's lovely .,information_item
I-merge nyo na yung feature branch sa main.,action_item
"Technical leads, you need to finalize the pipeline architecture documentation.",action_item
Ayusin niyo yung bugs sa login page.,action_item
I-ready niyo yung report for the stakeholders.,action_item
Ayusin niyo yung bugs sa login page.,action_item
Welcome to this second meeting .,information_item
Um the goal of this meeting is to reach a decision at the end on the concept,information_item
Pa-send naman ng updated database schema sa email ko.,action_item
I-deploy natin yung fix sa staging later.,action_item
Basahin niyo yung Chapter 5 ng textbook.,action_item
Gagawa ako ng summary ng meeting na ito.,action_item
I-merge nyo na yung feature branch sa main.,action_item
"Uh , we've got three presentations .",information_item
And I hope you all had a good individual working time .,information_item
"Three three , it's three",information_item
Ayusin niyo yung bugs sa login page.,action_item
Pa-send naman ng updated database schema sa email ko.,action_item
Mm . Very fun .,information_item
Um novice users u use this device as uh normal users use uh a c a remote control .,information_item
mainly speak recognition .,information_item
Basahin niyo yung Chapter 5 ng textbook.,action_item
Pa-send naman ng updated database schema sa email ko.,action_item
Well we've made our prototype anyway .,information_item
Basahin niyo yung Chapter 5 ng textbook.,action_item
"First, please review the Q2 project milestones tonight.",action_item
welcome everyone to our next meeting .,information_item
Yeah I I just saw it one minute ago .,information_item
"Um so this is our functional design meeting ,",information_item
So we'll discuss that later .,information_item
I-merge nyo na yung feature branch sa main.,action_item
Pa-send naman ng updated database schema sa email ko.,action_item
Would you like me to spell that ?,information_item
I'm the User Interface Designer .,information_item
"each made one ,",information_item
Wala na tayong major changes sa structure.,information_item
Pa-send naman ng updated database schema sa email ko.,action_item
I've just been um presented with some research we've done in a small focus group,information_item
Gagawa ako ng summary ng meeting na ito.,action_item
which is for now the detailed design meeting .,information_item
"and I think the last time we talked about an a lot and we had a rough idea of what is going to be ,",information_item
welcome to our detailed design meeting .,information_item
"Technical leads, you need to finalize the pipeline architecture documentation.",action_item
"the reason we're here , we're gonna design a new remote control ,",information_item
I-ready niyo yung report for the stakeholders.,action_item
I-ready niyo yung report for the stakeholders.,action_item
and uh show us the prototype .,information_item
My name is Mark,information_item
Check check check check .,action_item
I used to eat it .,information_item
"Mm um . No , I don't think so .",information_item
so first let's go through this PowerPoint .,information_item
And uh s s s so I had a little less time to complete .,information_item
"And you're going to be the User Interface ,",information_item
on the desktop you'll find you should find that there's a project documents link .,information_item
No I don't think so,information_item
Ayusin niyo yung bugs sa login page.,action_item
"I've , I've definitely eaten it before .",information_item
Pa-send naman ng updated database schema sa email ko.,action_item
"we said we were gonna have a snowman shaped remote control with no L_C_D_ display , no need for talk-back ,",information_item
so you can leave that wherever it is .,information_item
There we go .,information_item
Or you got the same message ?,information_item
I-deploy natin yung fix sa staging later.,action_item
Pa-send naman ng updated database schema sa email ko.,action_item
Yeah . That's it .,information_item
Pa-send naman ng updated database schema sa email ko.,action_item
Okay . Go ahead .,information_item
It does look very cool .,information_item
"First, please review the Q2 project milestones tonight.",action_item
Basahin niyo yung Chapter 5 ng textbook.,action_item
I-ready niyo yung report for the stakeholders.,action_item
"First, please review the Q2 project milestones tonight.",action_item
Check check check check .,action_item
There's also a watch moves around a great deal more .,information_item
"Technical leads, you need to finalize the pipeline architecture documentation.",action_item
Pa-send naman ng updated database schema sa email ko.,action_item
This being the wheel that you use to uh change channels or volume or whatever .,information_item
"Okay , cool .",information_item
I am the Industrial Designer .,information_item
I-ready niyo yung report for the stakeholders.,action_item
I-ready niyo yung report for the stakeholders.,action_item
Basahin niyo yung Chapter 5 ng textbook.,action_item
"What was it , problem ?",information_item
we had falafel .,information_item
"Right , both of them , okay .",information_item
Basahin niyo yung Chapter 5 ng textbook.,action_item
Gagawa ako ng summary ng meeting na ito.,action_item
I-ready niyo yung report for the stakeholders.,action_item
Basahin niyo yung Chapter 5 ng textbook.,action_item
"and busy leading the meeting ,",information_item
This is where you look at what does it take to make a remote control,information_item
Um . Now .,information_item
"Technical leads, you need to finalize the pipeline architecture documentation.",action_item
I-check nyo kung realistic pa ba yung dates na nakalagay dun.,action_item
"Uh we don't have any changes ,",information_item
"No , no ,",information_item
Here we go again .,information_item
But I think we will need it .,information_item
Gagawa ako ng summary ng meeting na ito.,action_item
"Ah , right .",information_item
"First, please review the Q2 project milestones tonight.",action_item
Ayusin niyo yung bugs sa login page.,action_item
On off switch will be here,information_item
"User Interface Defin Designer , yes .",information_item
I-deploy natin yung fix sa staging later.,action_item
Okay . Sure .,information_item
Basahin niyo yung Chapter 5 ng textbook.,action_item
I-ready niyo yung report for the stakeholders.,action_item
Thank you for coming to this third meeting of the uh uh design group .,information_item
I want to see the diagram of API endpoints in our next sync.,action_item
and what should we make our specific remote control out of .,information_item
let me just PowerPoint this up .,information_item
I want to see the diagram of API endpoints in our next sync.,action_item
I have a little problems with my laptop .,information_item
I wonder what button I press ?,information_item
I-merge nyo na yung feature branch sa main.,action_item
I-deploy natin yung fix sa staging later.,action_item
Pakisubmit yung case study draft sa Friday at 5 sharp.,action_item
I will take the minutes,information_item
Pa-send naman ng updated database schema sa email ko.,action_item
"First, please review the Q2 project milestones tonight.",action_item
I-deploy natin yung fix sa staging later.,action_item
but they are push buttons,information_item
Pakisubmit yung case study draft sa Friday at 5 sharp.,action_item
"Technical leads, you need to finalize the pipeline architecture documentation.",action_item
I-deploy natin yung fix sa staging later.,action_item
start of the first meeting .,information_item
Um welcome to our second meeting .,information_item
I-deploy natin yung fix sa staging later.,action_item
"Uh , we are actually doing this meeting to start a new project which is about designing a remote control .",information_item
I-ready niyo yung report for the stakeholders.,action_item
it's very simple .,information_item
"First, please review the Q2 project milestones tonight.",action_item
I-ready niyo yung report for the stakeholders.,action_item
"First, please review the Q2 project milestones tonight.",action_item
Basahin niyo yung Chapter 5 ng textbook.,action_item
Remote control should only be used for the T_V_ . Um due for uh time to market and possibly also cost issues .,information_item
I'd say let's start with the first presentation .,information_item
"Um other things were we were hoping to use rubber ,",information_item
"I think we all have a presentation again ,",information_item
I-ready niyo yung report for the stakeholders.,action_item
on like how much more it would be,information_item
Gagawa ako ng summary ng meeting na ito.,action_item
Ayusin niyo yung bugs sa login page.,action_item
A_ E_ Z_ zee zee,information_item
"That should hopefully do the trick , um .",information_item
"um , we have in the group",information_item
it's approximately fifteen forty or something like that .,information_item
I-merge nyo na yung feature branch sa main.,action_item
Pa-send naman ng updated database schema sa email ko.,action_item
I-ready niyo yung report for the stakeholders.,action_item
Pakisubmit yung case study draft sa Friday at 5 sharp.,action_item
I want to see the diagram of API endpoints in our next sync.,action_item
I'll wait until you're all um hooked up .,information_item
So this is our kick off meeting . Um,information_item
I-ready niyo yung report for the stakeholders.,action_item
I-check nyo kung realistic pa ba yung dates na nakalagay dun.,action_item
I-check nyo kung realistic pa ba yung dates na nakalagay dun.,action_item
"So , hello everyone .",information_item
I-ready niyo yung report for the stakeholders.,action_item
I want to see the diagram of API endpoints in our next sync.,action_item
I-check nyo kung realistic pa ba yung dates na nakalagay dun.,action_item
I-deploy natin yung fix sa staging later.,action_item
I-merge nyo na yung feature branch sa main.,action_item
I-merge nyo na yung feature branch sa main.,action_item
"Technical leads, you need to finalize the pipeline architecture documentation.",action_item
"So , ready ?",information_item
So do we need to re-train Mike on how to put his mic on ?,information_item
Um we're gonna start with our opening which was our introductions .,information_item
I'm afraid I'm a bit slow for this stuff uh .,information_item
"Technical leads, you need to finalize the pipeline architecture documentation.",action_item
I-deploy natin yung fix sa staging later.,action_item
Um I'm very excited by this one actually guys,information_item
Pakisubmit yung case study draft sa Friday at 5 sharp.,action_item
Ayusin niyo yung bugs sa login page.,action_item
"First, please review the Q2 project milestones tonight.",action_item
Medio vague pa yung approach natin sa data flow.,information_item
Pa-send naman ng updated database schema sa email ko.,action_item
"And uh I also put these as fast as possible in the uh project folder ,",information_item
Basahin niyo yung Chapter 5 ng textbook.,action_item
Basahin niyo yung Chapter 5 ng textbook.,action_item
you you can start .,information_item
Ayusin niyo yung bugs sa login page.,action_item
Just go to explorer .,information_item
"I'm not sure if he's late or delayed or whatever ,",information_item
Basahin niyo yung Chapter 5 ng textbook.,action_item
"Um we are here at the conceptual design meeting , which is hereby opened .",information_item
"Ah well if no one else wants to , yeah .",information_item
And then of course we have to take a decision on the remote control functions,information_item
I-ready niyo yung report for the stakeholders.,action_item
Ayusin niyo yung bugs sa login page.,action_item
Pa-send naman ng updated database schema sa email ko.,action_item
Ayusin niyo yung bugs sa login page.,action_item
there's a wee a wee plug just just that one there,information_item
"First, please review the Q2 project milestones tonight.",action_item
Gagawa ako ng summary ng meeting na ito.,action_item
Ayusin niyo yung bugs sa login page.,action_item
Ayusin niyo yung bugs sa login page.,action_item
Check check check check .,action_item
"Um , would you like me to talk about my aims at the moment , or would you like me to just say my name and then we can talk about business later ?",information_item
"Quite how the best way to do this is , I'm not sure ,",information_item
Good morning everybody .,information_item
Like this one .,information_item
Pa-send naman ng updated database schema sa email ko.,action_item
Check check check check .,action_item
"Uh and then we'll have a , the prototype presentation .",information_item
"And I know all your names again , Courtney , Fenella and Amber .",information_item
Um and I wanna welcome you all,information_item
I-check nyo kung realistic pa ba yung dates na nakalagay dun.,action_item
"Uh , here we have our prototype model .",information_item
Gagawa ako ng summary ng meeting na ito.,action_item
So we will get back th on that .,information_item
Gagawa ako ng summary ng meeting na ito.,action_item
Check check check check .,action_item
so twenty five .,information_item
Gagawa ako ng summary ng meeting na ito.,action_item
"So basically we've got three things ,",information_item
", I'm Ryan .",information_item
"Okay , I can go ?",information_item
I want to see the diagram of API endpoints in our next sync.,action_item
Pakisubmit yung case study draft sa Friday at 5 sharp.,action_item
"Can you pass the mouse ,",information_item
"First, please review the Q2 project milestones tonight.",action_item
Pakisubmit yung case study draft sa Friday at 5 sharp.,action_item
Pakisubmit yung case study draft sa Friday at 5 sharp.,action_item
um and come up with some interesting uh uh w suggestions for our our new remote control .,information_item
"I see all everybody's here ,",information_item
I-ready niyo yung report for the stakeholders.,action_item
"And so we figured it would be kind of you know a light weight plastic ,",information_item
Sorry I'm a little late .,information_item
"Uh yeah , if I can pick up with all these bits and pieces ,",information_item
Pa-send naman ng updated database schema sa email ko.,action_item
Gagawa ako ng summary ng meeting na ito.,action_item
"y you do the minutes first ,",information_item
Mm . Yeah .,information_item
Basahin niyo yung Chapter 5 ng textbook.,action_item
"'cause that seems to be in preference to actual functionality in the end ,",information_item
Gagawa ako ng summary ng meeting na ito.,action_item
"by concave sort of thing ,",information_item
Right first time this time .,information_item
"Basta for now, focus on the draft.",information_item
I-check nyo kung realistic pa ba yung dates na nakalagay dun.,action_item
Ayusin niyo yung bugs sa login page.,action_item
We also have a apple slash cherry design at the top .,information_item
Well this is the uh final detailed design meeting .,information_item
I-merge nyo na yung feature branch sa main.,action_item
No no no .,information_item
I-ready niyo yung report for the stakeholders.,action_item
Ayusin niyo yung bugs sa login page.,action_item
So it's a combination of easy to use and um sophisticated functions .,information_item
as you probably all know .,information_item
The first kick-off meeting .,information_item
Pakisubmit yung case study draft sa Friday at 5 sharp.,action_item
Ayusin niyo yung bugs sa login page.,action_item
"just to try and roughly go over what we agreed in the last one , um",information_item
Check check check check .,action_item
Pakisubmit yung case study draft sa Friday at 5 sharp.,action_item
"First, please review the Q2 project milestones tonight.",action_item
I'm the Marketing Expert for this project .,information_item
Uh it definitely needs uh a lot more research,information_item
"I only v have three slides , so .",information_item
If you leave them on the whole time you get to look like a noodle the whole time .,information_item
"Hi , I'm David and I'm supposed to be an industrial designer .",information_item
a little bit of pl little problem with computer .,information_item
"Honestly, I have some concerns sa drafts.",information_item
"and as you've noticed on our prototype um they've ended up with a curvature kind of ,",information_item
"Mm , yeah .",information_item
I-merge nyo na yung feature branch sa main.,action_item
Pa-send naman ng updated database schema sa email ko.,action_item
"Technical leads, you need to finalize the pipeline architecture documentation.",action_item
"This is a button , serves as the power button if you hold it down , and if you just tap on it I think it brings up the menu .",information_item
I-deploy natin yung fix sa staging later.,action_item
"This is the agenda for today's meeting . As you can see , w opening , acquaintance , tool training , project plan discussion , and closing .",information_item
Basahin niyo yung Chapter 5 ng textbook.,action_item
"um they can easy recognise our controller among a lot of products ,",information_item
I-check nyo kung realistic pa ba yung dates na nakalagay dun.,action_item
"Technical leads, you need to finalize the pipeline architecture documentation.",action_item
I-deploy natin yung fix sa staging later.,action_item
You can call me Abbie .,information_item
I-check nyo kung realistic pa ba yung dates na nakalagay dun.,action_item
"It's not that complicated ,",information_item
I-deploy natin yung fix sa staging later.,action_item
"Okay , welcome to the detailed design meeting .",information_item
"we're going to consider um user needs , technical effects , and the working design of our remote control .",information_item
"First, please review the Q2 project milestones tonight.",action_item
The prototype discussion .,information_item
We have to do what ?,information_item
otherwise . Will be completely different .,information_item
"First, please review the Q2 project milestones tonight.",action_item
Put on your mic .,information_item
"First one is uh what happens inside the apparatus ,",information_item
Okay . Mm .,information_item
I-merge nyo na yung feature branch sa main.,action_item
uh because we're uh being watched by uh Big Brother .,information_item
"Hello , Flores .",information_item
"um hopefully a jog-dial ,",information_item
"Okay , all set ?",information_item
Oh right . Okay .,information_item
I-merge nyo na yung feature branch sa main.,action_item
I-ready niyo yung report for the stakeholders.,action_item
"is um firstly just to introduce the project briefly ,",information_item
I-ready niyo yung report for the stakeholders.,action_item
Basahin niyo yung Chapter 5 ng textbook.,action_item
and the third is what should it look like .,information_item
Ayusin niyo yung bugs sa login page.,action_item
Yeah go ahead .,information_item
I want to see the diagram of API endpoints in our next sync.,action_item
Check check check check .,action_item
"so yeah , it needs colour ,",information_item
Check check check check .,action_item
The waiting is for Sebastian .,information_item
"Okay , here is our agenda for this meeting .",information_item
I want to see the diagram of API endpoints in our next sync.,action_item
I-merge nyo na yung feature branch sa main.,action_item
"you could use two of them to programme the um channels on the two channel button ,",information_item
Gagawa ako ng summary ng meeting na ito.,action_item
I want to see the diagram of API endpoints in our next sync.,action_item
Basahin niyo yung Chapter 5 ng textbook.,action_item
"Good morning , Flores .",information_item
"Uh , okay .",information_item
"And , um , then we have to make some key decisions on , on our remote control concept , and how we're gonna make it , what uh materials we're gonna use , and that sort of thing .",information_item
Check check check check .,action_item
This is our last meeting .,information_item
but I have no slides or anything .,information_item
so if we go through those and then um,information_item
"Good morning , Ruud .",information_item
Or you can put it in the shared folder .,information_item
Pakisubmit yung case study draft sa Friday at 5 sharp.,action_item
"maybe backlighting the buttons with some internal L_E_D_s to shine through the casing ,",information_item
"Um , Project Manager , I have something to tell you .",information_item
I-ready niyo yung report for the stakeholders.,action_item
"First, please review the Q2 project milestones tonight.",action_item
Hello . Hello .,information_item
"Okay so , want me to draw my favourite animal .",information_item
we'll start with the minutes of the last meeting .,information_item
"And uh I want to introduce myself ,",information_item
I-ready niyo yung report for the stakeholders.,action_item
I want to see the diagram of API endpoints in our next sync.,action_item
I-check nyo kung realistic pa ba yung dates na nakalagay dun.,action_item
I want to see the diagram of API endpoints in our next sync.,action_item
Ayusin niyo yung bugs sa login page.,action_item
Just trying to move mine right now .,information_item
"Good morning , Sebastian .",information_item
"and we have some more time , forty minutes .",information_item
"the slogan , yeah ,",information_item
"Um , yeah ,",information_item
Gotta plug you in .,information_item
"Oh , we're gonna have a prototype presentation first .",information_item
"First, please review the Q2 project milestones tonight.",action_item
Gagawa ako ng summary ng meeting na ito.,action_item
"Technical leads, you need to finalize the pipeline architecture documentation.",action_item
my first thoughts would be most remote controls are grey or black .,information_item
Basahin niyo yung Chapter 5 ng textbook.,action_item
"Hi everyone , hope you had a nice lunch .",information_item
We'll get round to that later .,information_item
Basahin niyo yung Chapter 5 ng textbook.,action_item
I-merge nyo na yung feature branch sa main.,action_item
I've got one too .,information_item
A very warm welcome again to everyone .,information_item
"Um in the concept design , the user interface ,",information_item
"um which we want to to build on ,",information_item
"Yeah , true .",information_item
Basahin niyo yung Chapter 5 ng textbook.,action_item
"Okay , almost there .",information_item
"Yeah , press them .",information_item
Um something that looks good,information_item
I-check nyo kung realistic pa ba yung dates na nakalagay dun.,action_item
and I guess we'll start with with this one .,information_item
"My name is Xavier Juergens ,",information_item
Ayusin niyo yung bugs sa login page.,action_item
Ayusin niyo yung bugs sa login page.,action_item
"Y you read that stuff , since you wrote it .",information_item
Or you get it .,information_item
I-merge nyo na yung feature branch sa main.,action_item
"Technical leads, you need to finalize the pipeline architecture documentation.",action_item
I-deploy natin yung fix sa staging later.,action_item
Check check check check .,action_item
Could you plug me in ?,information_item
Check check check check .,action_item
I-check nyo kung realistic pa ba yung dates na nakalagay dun.,action_item
The yellow there is the um,information_item
I want to see the diagram of API endpoints in our next sync.,action_item
"so if I'm missing anything , Christine can just correct me .",information_item
"And the end result of this meeting has to be a decision on the details of this remote control ,",information_item
"well you see ,",information_item
Ayusin niyo yung bugs sa login page.,action_item
So so so .,information_item
I-ready niyo yung report for the stakeholders.,action_item
I-deploy natin yung fix sa staging later.,action_item
how the user reacts with the the product .,information_item
No one drawing it .,information_item
Ayusin niyo yung bugs sa login page.,action_item
And then we're gonna close up the meeting .,information_item
It's gonna be not my favourite one but the one I can draw .,information_item
I-merge nyo na yung feature branch sa main.,action_item
"Technical leads, you need to finalize the pipeline architecture documentation.",action_item
Basahin niyo yung Chapter 5 ng textbook.,action_item
"First, please review the Q2 project milestones tonight.",action_item
"Uh before I start with the with the meeting I have a few things to tell you about the the setting we're in ,",information_item
Um uh my role is industrial designer,information_item
I want to see the diagram of API endpoints in our next sync.,action_item
Ayusin niyo yung bugs sa login page.,action_item
Pakisubmit yung case study draft sa Friday at 5 sharp.,action_item
I-merge nyo na yung feature branch sa main.,action_item
I'm the Marketing Manager .,information_item
I mean the the one on the right doesn't look so simple,information_item
I-check nyo kung realistic pa ba yung dates na nakalagay dun.,action_item
"I think you can put anywhere you want , actually .",information_item
"Technical leads, you need to finalize the pipeline architecture documentation.",action_item
I want to see the diagram of API endpoints in our next sync.,action_item
Pakisubmit yung case study draft sa Friday at 5 sharp.,action_item
I-check nyo kung realistic pa ba yung dates na nakalagay dun.,action_item
"Yeah . Yeah , we have also some slides .",information_item
"Mm-hmm , it's about that .",information_item
Check check check check .,action_item
Gets niyo ba yung process?,information_item
and we asked you to prepare a prototype for the for the remote control .,information_item
But don't you think it's very difficult to draw a panther ?,information_item
So welcome back .,information_item
Pakisubmit yung case study draft sa Friday at 5 sharp.,action_item
"So start , uh",information_item
"First, please review the Q2 project milestones tonight.",action_item
Oh good grief .,information_item
it's in the it's in the folder,information_item
"Can you open my presentation ,",information_item
"Yeah , same here .",information_item
"Mm , okay .",information_item
"Yeah , you have to you have to close that window .",information_item
and thank you all for doing some research in between .,information_item
Yeah . Uh I'm Jeanne-Oui .,information_item
it is PowerPoint time .,information_item
Basahin niyo yung Chapter 5 ng textbook.,action_item
It's not saved yet .,information_item
"you all received the email , I guess .",information_item
So I'll discuss them with you .,information_item
"can I have the laptop over here , or ?",information_item
"I just got a few slides , so show them .",information_item
So you found your spots .,information_item
Um it's now quarter after twelve,information_item
Ayusin niyo yung bugs sa login page.,action_item
Gagawa ako ng summary ng meeting na ito.,action_item
I-ready niyo yung report for the stakeholders.,action_item
I-ready niyo yung report for the stakeholders.,action_item
Ayusin niyo yung bugs sa login page.,action_item
I-ready niyo yung report for the stakeholders.,action_item
Ayusin niyo yung bugs sa login page.,action_item
I-merge nyo na yung feature branch sa main.,action_item
"Technical leads, you need to finalize the pipeline architecture documentation.",action_item
Open notes? We'll see.,information_item
I-check nyo kung realistic pa ba yung dates na nakalagay dun.,action_item
"Uh this is the agenda , the opening .",information_item
We just connect up .,information_item
"Oh yeah , well yeah , we had v some red left over .",information_item
And we're gonna make a decision on the remote control functions .,information_item
They're just buttons .,information_item
"it's not liking us ,",information_item
"And uh the base of the remote control , which has a squishy spongy rubbery feel , is interchangeable .",information_item
That's my task . Okay .,information_item
"Yeah , my name is Francina .",information_item
"Okay , I'll start .",information_item
It's provided me with more examples of um previously existing c remote controls .,information_item
The last one is uh intelligent controller .,information_item
I-check nyo kung realistic pa ba yung dates na nakalagay dun.,action_item
"Uh , yes , I had something similar but non-vegetarian .",information_item
I-deploy natin yung fix sa staging later.,action_item
Pa-send naman ng updated database schema sa email ko.,action_item
Pa-send naman ng updated database schema sa email ko.,action_item
I want to see the diagram of API endpoints in our next sync.,action_item
Gagawa ako ng summary ng meeting na ito.,action_item
it went that-a-way .,information_item
I-deploy natin yung fix sa staging later.,action_item
I want to see the diagram of API endpoints in our next sync.,action_item
Gagawa ako ng summary ng meeting na ito.,action_item
"Technical leads, you need to finalize the pipeline architecture documentation.",action_item
This is the one that I made .,information_item
And as you already know I am Betty .,information_item
Ayusin niyo yung bugs sa login page.,action_item
"First, please review the Q2 project milestones tonight.",action_item
I-ready niyo yung report for the stakeholders.,action_item
I-deploy natin yung fix sa staging later.,action_item
"Technical leads, you need to finalize the pipeline architecture documentation.",action_item
Next we have ?,information_item
I-deploy natin yung fix sa staging later.,action_item
Gagawa ako ng summary ng meeting na ito.,action_item
Pakisubmit yung case study draft sa Friday at 5 sharp.,action_item
Pakisubmit yung case study draft sa Friday at 5 sharp.,action_item
Is everyone ready to start ?,information_item
Pa-send naman ng updated database schema sa email ko.,action_item
"First, please review the Q2 project milestones tonight.",action_item
So . Yes .,information_item
I-merge nyo na yung feature branch sa main.,action_item
I-deploy natin yung fix sa staging later.,action_item
"First, please review the Q2 project milestones tonight.",action_item
"Um n next I will explain one by one ,",information_item
"Technical leads, you need to finalize the pipeline architecture documentation.",action_item
"I'll be your Project Manager for today , for this project .",information_item
"Technical leads, you need to finalize the pipeline architecture documentation.",action_item
That's the same as uh on the top of it uh with the the round uh button .,information_item
I-merge nyo na yung feature branch sa main.,action_item
I-check nyo kung realistic pa ba yung dates na nakalagay dun.,action_item
Check check check check .,action_item
So only accounting ?,information_item
I-ready niyo yung report for the stakeholders.,action_item
I'm number four .,information_item
Gagawa ako ng summary ng meeting na ito.,action_item
"so I'm gonna start soon ,",information_item
I-ready niyo yung report for the stakeholders.,action_item
I-deploy natin yung fix sa staging later.,action_item
"So thanks for coming for the meeting first of all ,",information_item
I-check nyo kung realistic pa ba yung dates na nakalagay dun.,action_item
Pakisubmit yung case study draft sa Friday at 5 sharp.,action_item
I want to see the diagram of API endpoints in our next sync.,action_item
"Right , okay . So .",information_item
Ayusin niyo yung bugs sa login page.,action_item
Uh this is a first concept of our controller .,information_item
Pakisubmit yung case study draft sa Friday at 5 sharp.,action_item
I want to see the diagram of API endpoints in our next sync.,action_item
I-merge nyo na yung feature branch sa main.,action_item
"Okay , so we've got uh",information_item
"Alright , and I will switch up PowerPoint .",information_item
And I'm a marketing person .,information_item
I-check nyo kung realistic pa ba yung dates na nakalagay dun.,action_item
Pa-send naman ng updated database schema sa email ko.,action_item
So I want to introduce first of all uh the names and the colleagues here .,information_item
Pakisubmit yung case study draft sa Friday at 5 sharp.,action_item
"it's maybe difficult to have both ,",information_item
Pakisubmit yung case study draft sa Friday at 5 sharp.,action_item
It's too beautiful .,information_item
Gagawa ako ng summary ng meeting na ito.,action_item
Okay . Great .,information_item
I-deploy natin yung fix sa staging later.,action_item
Pa-send naman ng updated database schema sa email ko.,action_item
and incorporating the slogan somewhere as well .,information_item
"Yeah , yeah .",information_item
"Which which is the clunky one , the one on left or on the right?. .",information_item
Is that alright now ?,information_item
I-merge nyo na yung feature branch sa main.,action_item
"Yeah , I do .",information_item
Basahin niyo yung Chapter 5 ng textbook.,action_item
"Technical leads, you need to finalize the pipeline architecture documentation.",action_item
Not a lot thankfully to say .,information_item
Pakisubmit yung case study draft sa Friday at 5 sharp.,action_item
"'Kay so we'll try to zip through this , since we're short on time .",information_item
I think we're ready to begin .,information_item
I-ready niyo yung report for the stakeholders.,action_item
but it seemed like we were gonna require at least an advanced chip,information_item
Pakisubmit yung case study draft sa Friday at 5 sharp.,action_item
so then we can uh look at th at the agenda uh for this meeting .,information_item
"Um and and I presume we can miss out the functions really to to a video or D_V_D_ remote control , if this is only gonna be a , you know , satellite , cable , T_V_ remote control .",information_item
"No , I don't .",information_item
Um once again I will try to uh write some minutes,information_item
'Kay . So my name's Bob Morris .,information_item
I-merge nyo na yung feature branch sa main.,action_item
I-deploy natin yung fix sa staging later.,action_item
"I don't know if everybody uh put their own uh documents in the right folder ,",information_item
"I've done a presentation ,",information_item
"Uh no . You can't ,",information_item
Pakisubmit yung case study draft sa Friday at 5 sharp.,action_item
"Technical leads, you need to finalize the pipeline architecture documentation.",action_item
"Yep , me too .",information_item
Basahin niyo yung Chapter 5 ng textbook.,action_item
Pakisubmit yung case study draft sa Friday at 5 sharp.,action_item
"So , this is uh first meeting of this design project .",information_item
I wanna find our if our remote works .,information_item
There we are .,information_item
"They want everything , but simply .",information_item
I want to see the diagram of API endpoints in our next sync.,action_item
"Uh , uh , um .",information_item
If you dump it in there .,information_item
I-merge nyo na yung feature branch sa main.,action_item
"Yeah , sh not quite .",information_item
I-check nyo kung realistic pa ba yung dates na nakalagay dun.,action_item
"Well , welcome to the third meeting of conceptual design .",information_item
"Technical leads, you need to finalize the pipeline architecture documentation.",action_item
Did you get my email with the slides ?,information_item
Gagawa ako ng summary ng meeting na ito.,action_item
"The very broad overview is original , trendy , and user-friendly .",information_item
"First, please review the Q2 project milestones tonight.",action_item
"Uh thank you ,",information_item
I-merge nyo na yung feature branch sa main.,action_item
Check check check check .,action_item
"Oh , okay .",information_item
Who is gonna do a PowerPoint presentation ?,information_item
I I think you just have to push it in really hard .,information_item
"Oh , sorry .",information_item
I-deploy natin yung fix sa staging later.,action_item
I-deploy natin yung fix sa staging later.,action_item
"First, please review the Q2 project milestones tonight.",action_item
Check check check check .,action_item
I'm uh Michael . I'm the user interface designer .,information_item
Gagawa ako ng summary ng meeting na ito.,action_item
Uh I think th this is device which which has a learning curve .,information_item
"we will have the three presentations from the In Industrial Designer , User Interface Designer and um",information_item
I-merge nyo na yung feature branch sa main.,action_item
We m have to make a new remote control .,information_item
I-check nyo kung realistic pa ba yung dates na nakalagay dun.,action_item
I-ready niyo yung report for the stakeholders.,action_item
Basahin niyo yung Chapter 5 ng textbook.,action_item
Check check check check .,action_item
Uh not really meant to touch those microphones .,information_item
Welcome to the conceptual design meeting .,information_item
Is it working ?,information_item
Everybody found his place again ? Yeah ?,information_item
we didn't have enough yellow dough .,information_item
Check check check check .,action_item
"First, please review the Q2 project milestones tonight.",action_item
Alt F_ five .,information_item
Gagawa ako ng summary ng meeting na ito.,action_item
Pa-send naman ng updated database schema sa email ko.,action_item
Um and this is what we are going to do .,information_item
Basahin niyo yung Chapter 5 ng textbook.,action_item
and everybody's name and what your function is ?,information_item
I want to see the diagram of API endpoints in our next sync.,action_item
Um I'll again very quickly uh just present some notes of that meeting .,information_item
There's one of mine .,information_item
"We'll sta I'll use the PowerPoint , I guess .",information_item
Pakisubmit yung case study draft sa Friday at 5 sharp.,action_item
I'm afraid I'm a bit too slow .,information_item
As you said they come with the T_V_,information_item
"Technical leads, you need to finalize the pipeline architecture documentation.",action_item
I want to see the diagram of API endpoints in our next sync.,action_item
I-ready niyo yung report for the stakeholders.,action_item
I want to see the diagram of API endpoints in our next sync.,action_item
"Technical leads, you need to finalize the pipeline architecture documentation.",action_item
"If you do need buttons , you can flip it over , and there's some there ,",information_item
Gagawa ako ng summary ng meeting na ito.,action_item
Check check check check .,action_item
I-merge nyo na yung feature branch sa main.,action_item
Pa-send naman ng updated database schema sa email ko.,action_item
I-deploy natin yung fix sa staging later.,action_item
Basahin niyo yung Chapter 5 ng textbook.,action_item
"Okay , and then .",information_item
Um it's come to my attention the following .,information_item
Pakisubmit yung case study draft sa Friday at 5 sharp.,action_item
I'm not exactly sure what you mean by tool training .,information_item
Pakisubmit yung case study draft sa Friday at 5 sharp.,action_item
I-deploy natin yung fix sa staging later.,action_item
And um I hope you had a productive last thirty minutes .,information_item
um but mainly it's speech recognition .,information_item
I-check nyo kung realistic pa ba yung dates na nakalagay dun.,action_item
I received an email with uh a few possibilities on uh the materials .,information_item
I know medio puyat kayo from the previous sprint.,information_item
Paul Wiezer . Paul Wiezer .,information_item
I guess each one of you has prepared one ?,information_item
Ayusin niyo yung bugs sa login page.,action_item
and then they will not use this dial as often .,information_item
Teletext has become outdated due to the populat popularity of the internet .,information_item
"Technical leads, you need to finalize the pipeline architecture documentation.",action_item
these are two models of existing remote controls .,information_item
"Uh , Dave Cochrane .",information_item
I want to see the diagram of API endpoints in our next sync.,action_item
"Technical leads, you need to finalize the pipeline architecture documentation.",action_item
Ayusin niyo yung bugs sa login page.,action_item
There he is .,information_item
I want to see the diagram of API endpoints in our next sync.,action_item
I want to see the diagram of API endpoints in our next sync.,action_item
"Okay , can he get it all by himself this time ?",information_item
"First the opening ,",information_item
My name is Chiara and I'm the Marketing Expert .,information_item
I-merge nyo na yung feature branch sa main.,action_item
"And , lastly we have ?",information_item
Um well I don't know who wants to go first with his presentation .,information_item
Pakisubmit yung case study draft sa Friday at 5 sharp.,action_item
Pa-send naman ng updated database schema sa email ko.,action_item
"Good morning everyone, let's start.",information_item
Ayusin niyo yung bugs sa login page.,action_item
Pakisubmit yung case study draft sa Friday at 5 sharp.,action_item
"a hundred people , just asked them about their remote control usage habits and what they want in a remote control . Um .",information_item
Check check check check .,action_item
Check check check check .,action_item
Gagawa ako ng summary ng meeting na ito.,action_item
Just gonna attempt to make this into a slide show .,information_item
You turned it off .,information_item
Pakisubmit yung case study draft sa Friday at 5 sharp.,action_item
I-check nyo kung realistic pa ba yung dates na nakalagay dun.,action_item
You will as well ?,information_item
So in last meeting we have discussed the conceptual design,information_item
My name is Eileen .,information_item
I want to see the diagram of API endpoints in our next sync.,action_item
Check check check check .,action_item
Gagawa ako ng summary ng meeting na ito.,action_item
Ayusin niyo yung bugs sa login page.,action_item
"business colours I thought it was the the slogan and uh the corporate image ,",information_item
Pakisubmit yung case study draft sa Friday at 5 sharp.,action_item
Did you know that ?,information_item
"Technical leads, you need to finalize the pipeline architecture documentation.",action_item
"Technical leads, you need to finalize the pipeline architecture documentation.",action_item
"Technical leads, you need to finalize the pipeline architecture documentation.",action_item
Check check check check .,action_item
We'll have to flesh out some of the uh stuff . Um,information_item
I-ready niyo yung report for the stakeholders.,action_item
Welcome to the meeting everyone .,information_item
"Agnes , yes .",information_item
So we come again for the the second meeting .,information_item
I-ready niyo yung report for the stakeholders.,action_item
I c I can talk about it,information_item
I-deploy natin yung fix sa staging later.,action_item
Ayusin niyo yung bugs sa login page.,action_item
Pa-send naman ng updated database schema sa email ko.,action_item
"I'll again be the secretary and make minutes , take minutes ,",information_item
So there are three concepts in our controller .,information_item
"Um also key is the corporate image should stay recognisable ,",information_item
"uh and it will be three presentations , just like the last meeting .",information_item
I-merge nyo na yung feature branch sa main.,action_item
"Um I'd like to if possible hear from our Marketing Expert first ,",information_item
Pa-send naman ng updated database schema sa email ko.,action_item
"This is our final meeting , the detailed design meeting .",information_item
Soon as I get this .,information_item
"but it pretty much covers work that we've both done ,",information_item
The meeting will be forty minutes long .,information_item
"Technical leads, you need to finalize the pipeline architecture documentation.",action_item
I-ready niyo yung report for the stakeholders.,action_item
"First, please review the Q2 project milestones tonight.",action_item
Alright well we got some exciting stuff for you guys .,information_item
"that's not something I'd thought about at all ,",information_item
I will play role of the secretary . As also Program Ma Manager .,information_item
Pa-send naman ng updated database schema sa email ko.,action_item
"Technical leads, you need to finalize the pipeline architecture documentation.",action_item
Pakisubmit yung case study draft sa Friday at 5 sharp.,action_item
I-check nyo kung realistic pa ba yung dates na nakalagay dun.,action_item
I-check nyo kung realistic pa ba yung dates na nakalagay dun.,action_item
Uh let's see .,information_item
I want to see the diagram of API endpoints in our next sync.,action_item
Okay everybody . Welcome to the detailed design meeting .,information_item
"Technical leads, you need to finalize the pipeline architecture documentation.",action_item
I-check nyo kung realistic pa ba yung dates na nakalagay dun.,action_item
we're gonna go for something uh uh how was it ?,information_item
Gagawa ako ng summary ng meeting na ito.,action_item
"Technical leads, you need to finalize the pipeline architecture documentation.",action_item
I-check nyo kung realistic pa ba yung dates na nakalagay dun.,action_item
Um likewise I've three different roles for each stage of design .,information_item
"Well I'll uh start just with another presentation ,",information_item
"First, please review the Q2 project milestones tonight.",action_item
Uh fourth meeting .,information_item
Check check check check .,action_item
"we're here because of real reaction ,",information_item
"which I just from the previous meeting uh placed inside our project folder ,",information_item
The second is a fancy controller .,information_item
That's new one ?,information_item
Okay . Cool .,information_item
I-check nyo kung realistic pa ba yung dates na nakalagay dun.,action_item
Basahin niyo yung Chapter 5 ng textbook.,action_item
I-check nyo kung realistic pa ba yung dates na nakalagay dun.,action_item
Right . So um basically,information_item
"Welcome at the functional design meeting , again presented by Maarten .",information_item
Uh this follows our very successful entry into the the consumer market over the last year or so,information_item
Ayusin niyo yung bugs sa login page.,action_item
I-merge nyo na yung feature branch sa main.,action_item
"Anyways . Uh . See ,",information_item
"Uh , I_D_ you want ?",information_item
B you think uh,information_item
I-check nyo kung realistic pa ba yung dates na nakalagay dun.,action_item
Check check check check .,action_item
"and that the user can use it , you know , it's not too big .",information_item
Uh how you spell your name uh ?,information_item
Ayusin niyo yung bugs sa login page.,action_item
"I sent you the agenda ,",information_item
"No no no , not at all .",information_item
"Uh I think so ,",information_item
Pakisubmit yung case study draft sa Friday at 5 sharp.,action_item
Basahin niyo yung Chapter 5 ng textbook.,action_item
I want to see the diagram of API endpoints in our next sync.,action_item
"First, please review the Q2 project milestones tonight.",action_item
"First, please review the Q2 project milestones tonight.",action_item
I-ready niyo yung report for the stakeholders.,action_item
"Um there's a wee bit of discussion about the other existing ones there ,",information_item
"You could change the vegetable , or fruit .",information_item
Basahin niyo yung Chapter 5 ng textbook.,action_item
Pa-send naman ng updated database schema sa email ko.,action_item
"So uh , if you could open the PowerPoint presentation .",information_item
we can start ?,information_item
"After the opening um I am going to fulfil the role of secretary , take the meeting minutes .",information_item
I-merge nyo na yung feature branch sa main.,action_item
"Um today we once again have uh three presentations , if I'm right ,",information_item
"First, please review the Q2 project milestones tonight.",action_item
"Technical leads, you need to finalize the pipeline architecture documentation.",action_item
Here we go .,information_item
I-deploy natin yung fix sa staging later.,action_item
Basahin niyo yung Chapter 5 ng textbook.,action_item
I see you all find your places .,information_item
"Technical leads, you need to finalize the pipeline architecture documentation.",action_item
That's uh the integration story again .,information_item
Pakisubmit yung case study draft sa Friday at 5 sharp.,action_item
Abdul al-Hasred is my name .,information_item
Pa-send naman ng updated database schema sa email ko.,action_item
Gagawa ako ng summary ng meeting na ito.,action_item
And again I'll take minutes .,information_item
Check check check check .,action_item
Pa-send naman ng updated database schema sa email ko.,action_item
I-deploy natin yung fix sa staging later.,action_item
Okay . So um,information_item
"Technical leads, you need to finalize the pipeline architecture documentation.",action_item
Pakisubmit yung case study draft sa Friday at 5 sharp.,action_item
Pa-send naman ng updated database schema sa email ko.,action_item
welcome back fro to the second meeting .,information_item
I-check nyo kung realistic pa ba yung dates na nakalagay dun.,action_item
Basahin niyo yung Chapter 5 ng textbook.,action_item
And what you're uh drawing ?,information_item
I-ready niyo yung report for the stakeholders.,action_item
I-ready niyo yung report for the stakeholders.,action_item
We will have a surprise quiz about it on Monday.,information_item
Is there an order ?,information_item
"And what we all need to discuss is whether we want these functions uh pretty much the same as what existing remotes have . If we can build on this with the speech recognition ,",information_item
uh this meeting we are it's fo should be focused on the conceptual design of the remote control .,information_item
What are we going to do .,information_item
Ayusin niyo yung bugs sa login page.,action_item
"Yes , I made it .",information_item
What shall we do ?,information_item
"Nope , we're all set .",information_item
Ayusin niyo yung bugs sa login page.,action_item
"most likely gonna be double curved , etcetera .",information_item
This is our first team meeting .,information_item
Um in the same order as last time ?,information_item
I-check nyo kung realistic pa ba yung dates na nakalagay dun.,action_item
Where are they ?,information_item
"I want the controller to be easy to use , but with sophisticated functions .",information_item
Ayusin niyo yung bugs sa login page.,action_item
Tarik Rahman . T_A_R_I_K_ .,information_item
Ayusin niyo yung bugs sa login page.,action_item
I-merge nyo na yung feature branch sa main.,action_item
Gagawa ako ng summary ng meeting na ito.,action_item
"I'm project manager but on the meetings I'm also the secretary ,",information_item
I want to see the diagram of API endpoints in our next sync.,action_item
Pakisubmit yung case study draft sa Friday at 5 sharp.,action_item
Um I'll go ahead and go through the minutes from the previous meeting .,information_item
Gagawa ako ng summary ng meeting na ito.,action_item
"Um if I'm right , there are three presentations ,",information_item
Check check check check .,action_item
to the point in my opinion anyway that it might not be worth pursuing .,information_item
We haven't decided on an order .,information_item
Check check check check .,action_item
uh good morning everybody here .,information_item
Pakisubmit yung case study draft sa Friday at 5 sharp.,action_item
I-merge nyo na yung feature branch sa main.,action_item
And that's uh fifteen twenty five .,information_item
I want to see the diagram of API endpoints in our next sync.,action_item
Basahin niyo yung Chapter 5 ng textbook.,action_item
I'm pretty excited .,information_item
Did you manage ?,information_item
Uh for the aim of this meeting now is to to make presentation about uh the work for each one .,information_item
"Microsoft PowerPoint , right .",information_item
I-ready niyo yung report for the stakeholders.,action_item
I'm sorry to be late .,information_item
"First, please review the Q2 project milestones tonight.",action_item
I-deploy natin yung fix sa staging later.,action_item
Mm . Alright .,information_item
Pa-send naman ng updated database schema sa email ko.,action_item
Ayusin niyo yung bugs sa login page.,action_item
but they'll be recording what we write down .,information_item
Check check check check .,action_item
Check check check check .,action_item
Ayusin niyo yung bugs sa login page.,action_item
Basahin niyo yung Chapter 5 ng textbook.,action_item
Gagawa ako ng summary ng meeting na ito.,action_item
Pa-send naman ng updated database schema sa email ko.,action_item
Um and hopefully we'll just crack on and we'll get everything going .,information_item
Check check check check .,action_item
"Technical leads, you need to finalize the pipeline architecture documentation.",action_item
Check check check check .,action_item
"Um one's based on the banana , one's based on the tomato",information_item
I-deploy natin yung fix sa staging later.,action_item
"Special colour , yeah .",information_item
So first one it's a Google controller .,information_item
I-deploy natin yung fix sa staging later.,action_item
Pa-send naman ng updated database schema sa email ko.,action_item
"Yeah , here we go .",information_item
I want to see the diagram of API endpoints in our next sync.,action_item
Basahin niyo yung Chapter 5 ng textbook.,action_item
Right it was function F_ eight or something .,information_item
Sammy Benjo . I know this name uh .,information_item
I-ready niyo yung report for the stakeholders.,action_item
Uh the one on the left seems to be a fairly uh standard universal remote control .,information_item
You two guys ?,information_item
That's the big question,information_item
I'm going to uh look at the technical design from the uh user point of view .,information_item
"First, please review the Q2 project milestones tonight.",action_item
Um I'm Mandy and I'm the Project Manager .,information_item
I'll be the Vanna .,information_item
I-check nyo kung realistic pa ba yung dates na nakalagay dun.,action_item
"This is like a scroll ,",information_item
Um hope your sessions went well .,information_item
I-deploy natin yung fix sa staging later.,action_item
Basahin niyo yung Chapter 5 ng textbook.,action_item
I-check nyo kung realistic pa ba yung dates na nakalagay dun.,action_item
"One , two , three , four ,",information_item
I-merge nyo na yung feature branch sa main.,action_item
"like absolute final decision ,",information_item
Got stuck in the traffic .,information_item
I-deploy natin yung fix sa staging later.,action_item
"How was that , was that fun ?",information_item
I-merge nyo na yung feature branch sa main.,action_item
I-merge nyo na yung feature branch sa main.,action_item
now we are on the conceptual design meeting .,information_item
Gagawa ako ng summary ng meeting na ito.,action_item
um f uh your colour and slogan of course is down at the bottom there .,information_item
I-merge nyo na yung feature branch sa main.,action_item
"Yeah , that's it .",information_item
"Alright , that did nothing .",information_item
I am the project manager for today .,information_item
Gagawa ako ng summary ng meeting na ito.,action_item
Um as you may have noticed I uh,information_item
I-check nyo kung realistic pa ba yung dates na nakalagay dun.,action_item
Which one was mine ?,information_item
"and any , you know , existing examples ,",information_item
Is everybody sitting on the right place ? Yeah ?,information_item
"It's you , okay .",information_item
Pa-send naman ng updated database schema sa email ko.,action_item
Basahin niyo yung Chapter 5 ng textbook.,action_item
Check check check check .,action_item
"You're the Marketing Expert , okay .",information_item
Uh I think the first thing we do is introduce ourselves,information_item
I-merge nyo na yung feature branch sa main.,action_item
Ayusin niyo yung bugs sa login page.,action_item
Pakisubmit yung case study draft sa Friday at 5 sharp.,action_item
"First, please review the Q2 project milestones tonight.",action_item
"You can pull it out first , maybe .",information_item
Basahin niyo yung Chapter 5 ng textbook.,action_item
Did you do your questionnaire already ?,information_item
Ayusin niyo yung bugs sa login page.,action_item
I-ready niyo yung report for the stakeholders.,action_item
"First, please review the Q2 project milestones tonight.",action_item
"or as mm few buttons as possible ,",information_item
Gagawa ako ng summary ng meeting na ito.,action_item
I-ready niyo yung report for the stakeholders.,action_item
I want to see the diagram of API endpoints in our next sync.,action_item
"Uh The new black , I believe .",information_item
"Wait for the marketing director actually ,",information_item
Pa-send naman ng updated database schema sa email ko.,action_item
Hmm hmm hmm .,information_item
"So , who wants to start ?",information_item
I-ready niyo yung report for the stakeholders.,action_item
Ayusin niyo yung bugs sa login page.,action_item
Gagawa ako ng summary ng meeting na ito.,action_item
And then full screen .,information_item
I want to see the diagram of API endpoints in our next sync.,action_item
Uh my name's Bob Mor .,information_item
"Me and William worked on a prototype ,",information_item
"Yeah , sure .",information_item
I did . Twice .,information_item
"second is what is uh the apparatus made of ,",information_item
I-check nyo kung realistic pa ba yung dates na nakalagay dun.,action_item
Ayusin niyo yung bugs sa login page.,action_item
Gagawa ako ng summary ng meeting na ito.,action_item
"Technical leads, you need to finalize the pipeline architecture documentation.",action_item
so we decided on our market,information_item
"we have to talk in English ,",information_item
I want to see the diagram of API endpoints in our next sync.,action_item
Uh it fell off .,information_item
Maliwanag ba yung instructions ko?,information_item
"Um well , actually I didn't go , didn't feel like it .",information_item
Ayusin niyo yung bugs sa login page.,action_item
"my name's Adam Duguid ,",information_item
and uh I'm a project manager for this new project which we are going to discuss now .,information_item
"And after a while they start to develop uh some skills in the the voice recognition functions ,",information_item
I-deploy natin yung fix sa staging later.,action_item
I'm number two .,information_item
Gagawa ako ng summary ng meeting na ito.,action_item
You may have to do the function F_ eight thing .,information_item
Um the functional design is looking at the tex technical functions of a remote control .,information_item
and there are three main questions that I have to find an answer to today .,information_item
neither have I .,information_item
I-check nyo kung realistic pa ba yung dates na nakalagay dun.,action_item
I-deploy natin yung fix sa staging later.,action_item
"First, please review the Q2 project milestones tonight.",action_item
Pakisubmit yung case study draft sa Friday at 5 sharp.,action_item
"You can go first , okay .",information_item
So our design looks something like this .,information_item
"that we need to incorporate ,",information_item
Hope you had a good lunch .,information_item
Basahin niyo yung Chapter 5 ng textbook.,action_item
So final design . Final design .,information_item
She gonna answer me or not ?,information_item
this is just a description of what we see there .,information_item
"Alright . Okay ,",information_item
I want to see the diagram of API endpoints in our next sync.,action_item
and we will have to fit the battery case in there somehow .,information_item
I want to see the diagram of API endpoints in our next sync.,action_item
I-deploy natin yung fix sa staging later.,action_item
Check check check check .,action_item
"Technical leads, you need to finalize the pipeline architecture documentation.",action_item
and after that we will take a decision on the remote control concepts .,information_item
my method was to look at the existing remotes and what functions they have .,information_item
What's your talk ?,information_item
because that's going to influence our design .,information_item
Mm . Mm .,information_item
I-check nyo kung realistic pa ba yung dates na nakalagay dun.,action_item
"Uh but we think that this you know , this size will be okay",information_item
"Okay , I can start first .",information_item
Basahin niyo yung Chapter 5 ng textbook.,action_item
And I'm gonna show you some of the new projects requirements that were sent to me .,information_item
uh my name is uh Shrida Daseri,information_item
Magkakaroon tayo ng meeting sa susunod na linggo.,information_item
Gagawa ako ng summary ng meeting na ito.,action_item
Check check check check .,action_item
I-merge nyo na yung feature branch sa main.,action_item
"It has to be original , trendy and user-friendly .",information_item
"First, please review the Q2 project milestones tonight.",action_item
so we've got new project requirements .,information_item
"Yeah , that's me .",information_item
I-ready niyo yung report for the stakeholders.,action_item
Gagawa ako ng summary ng meeting na ito.,action_item
I-check nyo kung realistic pa ba yung dates na nakalagay dun.,action_item
Can I close this ?,information_item
Um if anybody disagrees we can uh definitely say so .,information_item
"Like soft , or something ?",information_item
So I'm going to be the project manager of this uh project .,information_item
Ayusin niyo yung bugs sa login page.,action_item
So we come to the third meetings .,information_item
Designer . Okay .,information_item
Pakisubmit yung case study draft sa Friday at 5 sharp.,action_item
Well hi everyone again .,information_item
Check check check check .,action_item
but um I've prepared a little presentation once again um or at least an agenda,information_item
"First, please review the Q2 project milestones tonight.",action_item
And um we will once again have Poppy as our first presenter .,information_item
N_ E_ Z_ .,information_item
"Technical leads, you need to finalize the pipeline architecture documentation.",action_item
I-check nyo kung realistic pa ba yung dates na nakalagay dun.,action_item
Gagawa ako ng summary ng meeting na ito.,action_item
We have uh forty minutes .,information_item
I will open our functional design meeting .,information_item
I-deploy natin yung fix sa staging later.,action_item
"First, please review the Q2 project milestones tonight.",action_item
Pakisubmit yung case study draft sa Friday at 5 sharp.,action_item
"Okay , here's the agenda for the meeting .",information_item
Gagawa ako ng summary ng meeting na ito.,action_item
"though we should never avoid functionality , of course .",information_item
I-check nyo kung realistic pa ba yung dates na nakalagay dun.,action_item
I'm the Marketing Expert .,information_item
"Mm-hmm . Yeah , that's that's it .",information_item
Okay we all all set ?,information_item
"'Kay , hello everybody .",information_item
Am I starting now ?,information_item
and we were still very much for the idea of using an L_C_D_ display .,information_item
Pa-send naman ng updated database schema sa email ko.,action_item
I-ready niyo yung report for the stakeholders.,action_item
Basahin niyo yung Chapter 5 ng textbook.,action_item
Basahin niyo yung Chapter 5 ng textbook.,action_item
It's Ada Longmund ?,information_item
"Yeah , good .",information_item
"Ah , pinball .",information_item
it has to be like that,information_item
"yeah , we're ready .",information_item
"Technical leads, you need to finalize the pipeline architecture documentation.",action_item
And we can start meeting .,information_item
"Uh okay , 'kay .",information_item
Check check check check .,action_item
Pakisubmit yung case study draft sa Friday at 5 sharp.,action_item
the agenda for thi,information_item
I-ready niyo yung report for the stakeholders.,action_item
I-check nyo kung realistic pa ba yung dates na nakalagay dun.,action_item
It's been a l,information_item
I want to see the diagram of API endpoints in our next sync.,action_item
"it was hopefully gonna be kinetic power and battery uh with rubber buttons ,",information_item
Um here we are already at our uh functional design meeting .,information_item
Pakisubmit yung case study draft sa Friday at 5 sharp.,action_item
"First, please review the Q2 project milestones tonight.",action_item
I wanna figure out how to sell them .,information_item
"I was a little short on time ,",information_item
Check check check check .,action_item
"Uh , I guess you all know what is it about ,",information_item
"Technical leads, you need to finalize the pipeline architecture documentation.",action_item
Ayusin niyo yung bugs sa login page.,action_item
I-merge nyo na yung feature branch sa main.,action_item
to help us gain an idea of where we're going to go .,information_item
I-deploy natin yung fix sa staging later.,action_item
Michael you can go ahead .,information_item
I-merge nyo na yung feature branch sa main.,action_item
Um I think we uh made some definite progress at the last one,information_item
So bad I don't like it .,information_item
"First, please review the Q2 project milestones tonight.",action_item
Um I'm Craig and I'm User Interface .,information_item
"Technical leads, you need to finalize the pipeline architecture documentation.",action_item
Pa-send naman ng updated database schema sa email ko.,action_item
Maybe . Maybe maybe maybe .,information_item
I'll just load up your presentation from here if you want .,information_item
I-check nyo kung realistic pa ba yung dates na nakalagay dun.,action_item
I-ready niyo yung report for the stakeholders.,action_item
"Okay , let's get started .",information_item
"Uh many of our components are gonna be standard , off the shelf ,",information_item
Um there's three concepts in the user interface .,information_item
Gagawa ako ng summary ng meeting na ito.,action_item
I-merge nyo na yung feature branch sa main.,action_item
"Uh , who's gonna give the prototype presentation ?",information_item
Gagawa ako ng summary ng meeting na ito.,action_item
I feel like Madonna with one of these on .,information_item
Ayusin niyo yung bugs sa login page.,action_item
Basahin niyo yung Chapter 5 ng textbook.,action_item
Pakisubmit yung case study draft sa Friday at 5 sharp.,action_item
The pipeline architecture has been finalized na.,information_item
"Such like this , there are several uh examples in the slides .",information_item
Pa-send naman ng updated database schema sa email ko.,action_item
"First, please review the Q2 project milestones tonight.",action_item
"The second concept is a fancy controller ,",information_item
I want to see the diagram of API endpoints in our next sync.,action_item
We made three for you .,information_item
I-merge nyo na yung feature branch sa main.,action_item
Check check check check .,action_item
"and what reactions to them have been , and that sort of thing .",information_item
Um I'm the User Interface Designer .,information_item
Pakisubmit yung case study draft sa Friday at 5 sharp.,action_item
"Okay . Uh first of all I'll start with the costs ,",information_item
Pa-send naman ng updated database schema sa email ko.,action_item
I wasn't . No .,information_item
I-check nyo kung realistic pa ba yung dates na nakalagay dun.,action_item
"Okay , is everybody ready ?",information_item
"First, please review the Q2 project milestones tonight.",action_item
"Hi I'm Chiara , I'm the um Marketing Expert .",information_item
I-deploy natin yung fix sa staging later.,action_item
I-ready niyo yung report for the stakeholders.,action_item
Ayusin niyo yung bugs sa login page.,action_item
Going to the nex next .,information_item
Ayusin niyo yung bugs sa login page.,action_item
"So who is uh marketing , nobody in the market",information_item
"Yeah , alright .",information_item
Implementation na lang ang gagawin natin.,information_item
but uh in th at the end of this meeting we have to to reach a decision .,information_item
"First, please review the Q2 project milestones tonight.",action_item
Pakisubmit yung case study draft sa Friday at 5 sharp.,action_item
This is the functional design meeting .,information_item
I don't know if it was sent round to all of you .,information_item
I-deploy natin yung fix sa staging later.,action_item
"Technical leads, you need to finalize the pipeline architecture documentation.",action_item
I-deploy natin yung fix sa staging later.,action_item
"I'm the Industrial Designer ,",information_item
I want to see the diagram of API endpoints in our next sync.,action_item
I-deploy natin yung fix sa staging later.,action_item
"It is uh curved , easy to hold , hand-held , nice and small with big easy buttons .",information_item
"'S to do now is to decide how to fulfil what your stuff is ,",information_item
"Oh it doesn't have any on ,",information_item
And your role in this is ?,information_item
Basahin niyo yung Chapter 5 ng textbook.,action_item
Check check check check .,action_item
I-ready niyo yung report for the stakeholders.,action_item
I want to see the diagram of API endpoints in our next sync.,action_item
so you can see them,information_item
"Technical leads, you need to finalize the pipeline architecture documentation.",action_item
But for us it's just like a normal whiteboard .,information_item
Can I not just uh do each one in order ?,information_item
w welcome to the the first meeting of uh Real Reaction's uh um development meetings for our our new television remote control .,information_item
I want to see the diagram of API endpoints in our next sync.,action_item
Yeah the universal ones . Yeah .,information_item
I see my bunny is still standing .,information_item
I-deploy natin yung fix sa staging later.,action_item
"Technical leads, you need to finalize the pipeline architecture documentation.",action_item
"Alright , great .",information_item
Hmm . Hmm .,information_item
I want to see the diagram of API endpoints in our next sync.,action_item
then the rest .,information_item
Check check check check .,action_item
User Interface Designer .,information_item
"Oh , okay . Yeah .",information_item
And then do we get to make a remote control ?,information_item
technical functions design .,information_item
"What does it mean , spongy ?",information_item
we are here to talk about functional design .,information_item
I-deploy natin yung fix sa staging later.,action_item
"Technical leads, you need to finalize the pipeline architecture documentation.",action_item
Um . You're participant,information_item
I-merge nyo na yung feature branch sa main.,action_item
"First, please review the Q2 project milestones tonight.",action_item
Rock and roll .,information_item
Why are you looking at me ?,information_item
Pa-send naman ng updated database schema sa email ko.,action_item
Welcome back everybody .,information_item
I-check nyo kung realistic pa ba yung dates na nakalagay dun.,action_item
"Technical leads, you need to finalize the pipeline architecture documentation.",action_item
what does that mean ?,information_item
Check check check check .,action_item
The power light doesn't work .,information_item
I-check nyo kung realistic pa ba yung dates na nakalagay dun.,action_item
I-merge nyo na yung feature branch sa main.,action_item
I want to see the diagram of API endpoints in our next sync.,action_item
Pakisubmit yung case study draft sa Friday at 5 sharp.,action_item
I want to see the diagram of API endpoints in our next sync.,action_item
"It's been a little bit difficult to um make sure that it's hand-holdable ,",information_item
Hopefully that's us ready to uh to go .,information_item
Gagawa ako ng summary ng meeting na ito.,action_item
"It's not a directional mic , anyway .",information_item
and I think William is going to make a p presentation on that .,information_item
I-merge nyo na yung feature branch sa main.,action_item
this is the the plan for today's meeting,information_item
"After that we have to make a conceptual design ,",information_item
This is our third meeting already .,information_item
Check check check check .,action_item
You all saw the newsflash ?,information_item
I-ready niyo yung report for the stakeholders.,action_item
I-merge nyo na yung feature branch sa main.,action_item
I-ready niyo yung report for the stakeholders.,action_item
"Yeah , s yeah , um .",information_item
Um I'm actually gonna be bold and go oo go straight for rubber um for reasons I'll go into uh in more detail .,information_item
I-merge nyo na yung feature branch sa main.,action_item
which was quite some typing .,information_item
That would be me .,information_item
So we've got both of these clipped on ?,information_item
Pa-send naman ng updated database schema sa email ko.,action_item
"I think for us it's just like a normal whiteboard ,",information_item
"The opening , which we are doing now , um and the special note ,",information_item
because it was uh tending to get a little busy in our uh shared project documents uh folder .,information_item
I-check nyo kung realistic pa ba yung dates na nakalagay dun.,action_item
I-merge nyo na yung feature branch sa main.,action_item
"Good morning , again .",information_item
"First, please review the Q2 project milestones tonight.",action_item
"due to your hard work , we might as well let the uh two designers go first ,",information_item
And just as the last time we have forty minutes to accomplish that .,information_item
"First, please review the Q2 project milestones tonight.",action_item
and you have to adjust the length .,information_item
I-check nyo kung realistic pa ba yung dates na nakalagay dun.,action_item
Pa-send naman ng updated database schema sa email ko.,action_item
"Uh this one doesn't want to be moved , I think .",information_item
Pakisubmit yung case study draft sa Friday at 5 sharp.,action_item
Ayusin niyo yung bugs sa login page.,action_item
Ayusin niyo yung bugs sa login page.,action_item
"First, please review the Q2 project milestones tonight.",action_item
but it's also something we can discuss .,information_item
I-deploy natin yung fix sa staging later.,action_item
Gagawa ako ng summary ng meeting na ito.,action_item
Check check check check .,action_item
I-merge nyo na yung feature branch sa main.,action_item
but I get it wrong every time .,information_item
"Technical leads, you need to finalize the pipeline architecture documentation.",action_item
and so this feedback from the marketing department is really about trend watching . Um,information_item
I-deploy natin yung fix sa staging later.,action_item
Check check check check .,action_item
Basahin niyo yung Chapter 5 ng textbook.,action_item
Check check check check .,action_item
Okay everybody is ready ?,information_item
Gagawa ako ng summary ng meeting na ito.,action_item
welcome to the second meeting of this uh design group .,information_item
"Oh , I got a nice little screen here over here .",information_item
Basahin niyo yung Chapter 5 ng textbook.,action_item
What's the agenda for this meeting ?,information_item
I-check nyo kung realistic pa ba yung dates na nakalagay dun.,action_item
"this is just one big document ,",information_item
Basahin niyo yung Chapter 5 ng textbook.,action_item
I uh had a lot of fun doing it .,information_item
I-check nyo kung realistic pa ba yung dates na nakalagay dun.,action_item
My name's Frank .,information_item
Gagawa ako ng summary ng meeting na ito.,action_item
This one right there .,information_item
Hello hello Mister P_M_ .,information_item
"Uh right , so",information_item
I want to see the diagram of API endpoints in our next sync.,action_item
first I will present the concept of user interface .,information_item
"No , no .",information_item
I want to see the diagram of API endpoints in our next sync.,action_item
Pakisubmit yung case study draft sa Friday at 5 sharp.,action_item
Pakisubmit yung case study draft sa Friday at 5 sharp.,action_item
Pakisubmit yung case study draft sa Friday at 5 sharp.,action_item
So this meeting agenda will be the detailed design meeting .,information_item
Basahin niyo yung Chapter 5 ng textbook.,action_item
I want to see the diagram of API endpoints in our next sync.,action_item
I-check nyo kung realistic pa ba yung dates na nakalagay dun.,action_item
I-deploy natin yung fix sa staging later.,action_item
And so think of this concept .,information_item
"discussed the possibility of a macro facility , interac interacting the T_V_ a bit more , um mentioning of bar-code , joystick for user manipulation , um and ergonomics of the remote control as well .",information_item
"on the agenda for this , um , for this particular meeting , we'll have your three presentations on what you've done since our last meeting , after we came up with um some general ideas of our design .",information_item
Basahin niyo yung Chapter 5 ng textbook.,action_item
I-deploy natin yung fix sa staging later.,action_item
I-ready niyo yung report for the stakeholders.,action_item
Pa-send naman ng updated database schema sa email ko.,action_item
"Um we're gonna discuss the look and feel design , the user interface design , and we're gonna evaluate the product .",information_item
"It has fast-forward , stop , play , all relating to movies .",information_item
I-deploy natin yung fix sa staging later.,action_item
Basahin niyo yung Chapter 5 ng textbook.,action_item
um although I'm sure you've actually got some of the information already .,information_item
"And we're gonna have three presentations , one from each of you .",information_item
I think it's more or less the same as we had .,information_item
we made three different prototypes,information_item
"First, please review the Q2 project milestones tonight.",action_item
"And um we will also take a look at new project requirements , um if you haven't heard about them yet .",information_item
"we will have again three presentation , from all of you ,",information_item
Pakisubmit yung case study draft sa Friday at 5 sharp.,action_item
I hope you're ready for this uh functional design meeting .,information_item
"'S see . PowerPoint , that's not it .",information_item
Pa-send naman ng updated database schema sa email ko.,action_item
"I had just a little bit of time ,",information_item
Gagawa ako ng summary ng meeting na ito.,action_item
I-deploy natin yung fix sa staging later.,action_item
Basahin niyo yung Chapter 5 ng textbook.,action_item
Hindi siya surprise anymore since sinasabi ko na.,information_item
and review what we have discussed .,information_item
and then after that a detailed design .,information_item
"Technical leads, you need to finalize the pipeline architecture documentation.",action_item
I-ready niyo yung report for the stakeholders.,action_item
and what is this here ?,information_item
Pa-send naman ng updated database schema sa email ko.,action_item
Functional design meeting .,information_item
"just from from last time to recap ,",information_item
I-merge nyo na yung feature branch sa main.,action_item
"Technical leads, you need to finalize the pipeline architecture documentation.",action_item
I'll just get the PowerPoint presentation up and running .,information_item
I-check nyo kung realistic pa ba yung dates na nakalagay dun.,action_item
um and then I'm gonna have to specify the final design in the final report .,information_item
"A a and the voice recognition as well ,",information_item
actually just there .,information_item
Gagawa ako ng summary ng meeting na ito.,action_item
"'Kay , um . Alright ,",information_item
Falling a little bit behind schedule .,information_item
the first is Google controller .,information_item
I guess so .,information_item
Uh let me see .,information_item
